{"schemaVersion":"1.0","appDefinitionTemplate":{"id":"/providers/Microsoft.PowerApps/apps/","type":"Microsoft.PowerApps/apps","tags":{"primaryDeviceWidth":"1366","primaryDeviceHeight":"768","supportsPortrait":"true","supportsLandscape":"true","primaryFormFactor":"Tablet","publisherVersion":"3.22052.26","minimumRequiredApiVersion":"2.2.0","hasComponent":"false","hasUnlockedComponent":"false","isUnifiedRootApp":"false","sienaVersion":"20220527T142627Z-3.22052.26.0"},"properties":{"appVersion":"2022-05-27T14:26:27Z","lifeCycleId":"Published","createdByClientVersion":{"major":3,"minor":22052,"build":26,"revision":0,"majorRevision":0,"minorRevision":0},"minClientVersion":{"major":3,"minor":22052,"build":26,"revision":0,"majorRevision":0,"minorRevision":0},"backgroundColor":"RGBA(0,176,240,1)","backgroundImageUri":"/6093181504579455668/Nfb02e572-5df8-4e7b-a59b-2777eb72ba6f-logoSmallFile","displayName":"SpaceTime RECORDS","description":"","commitMessage":"","appUris":{"documentUri":{"value":"/6093181504579455668/Nd79e0190-da10-449c-bd41-5dc3839302a6-document.msapp"},"imageUris":[]},"createdTime":"0001-01-01T00:00:00Z","lastModifiedTime":"0001-01-01T00:00:00Z","sharedGroupsCount":0,"sharedUsersCount":0,"icons":{"smallIconUri":"/6093181504579455668/Nf789a63f-27f6-4461-a20e-70f9943de7a6-small.png","mediumIconUri":"/6093181504579455668/N3f7f3ed5-ac80-4038-b739-46a0bcc951f8-medium.png","largeIconUri":"/6093181504579455668/N0f7c39da-ac01-452d-87c0-ddf9e0486dc3-large.png","wideIconUri":"/6093181504579455668/N830c22b2-5726-46ab-84a1-ce4b49faa4ef-wide.png"},"connectionReferences":{},"databaseReferences":{},"almMode":"Environment","performanceOptimizationEnabled":true,"canConsumeAppPass":true,"executionRestrictions":{"isTeamsOnly":false,"dataLossPreventionEvaluationResult":{"status":"Compliant","lastEvaluationDate":"2022-05-27T14:26:42.8257375Z","violations":[],"violationsByPolicy":[],"violationErrorMessage":"The app uses the following connectors: ."}}},"appType":"ClassicCanvasApp","appComponents":[]}}